PitcherID,Average_StuffPlus_2023,Average_StuffPlus_2024,era,xera,woba
425794,92.0930337199829,,,,
425844,94.5955549805732,,,,
434378,99.3078399268772,99.5219084084227,5.48,3.78,0.337
445276,102.516915005602,109.574700147456,3.29,3.24,0.253
445926,101.671951618548,103.658611873277,3.13,4.25,0.315
446372,98.5680084728207,,,,
448179,98.5260762337668,100.141183899784,,,
450203,99.0999362068751,102.462076507284,4.19,4.49,0.335
453178,100.913318583844,,,,
453268,106.124567963585,,,,
453286,103.071212387171,104.407204121248,,,
455117,87.4472195504064,,,,
455119,103.50178171987,104.052667051273,,,
456501,97.7346043594057,94.3340988701041,,,
456713,99.849886805157,,,,
458677,,100.671457660538,5.59,4.25,0.354
458681,100.340917514139,99.5928432095781,3.83,4.94,0.314
471911,94.122169218632,94.5860920768052,5.64,4.71,0.36
472551,99.7777216540465,,,,
472610,97.4859994513118,94.0661318837642,4.88,3.56,0.314
476595,101.410418585099,,,,
477132,99.6632038548096,100.370407455535,,,
488984,97.5517921493924,,,,
489119,100.563557085966,101.143619883214,,,
489446,109.189309708961,111.878428104455,1.17,1.86,0.186
493603,103.552196971955,106.735998013688,4.34,3.19,0.305
500743,133.118144163182,162.222344479775,,,
500779,97.6623813773468,96.2171522628099,3.75,4.52,0.312
500871,113.376937796331,,,,
502043,93.7797594322651,93.2117544854387,4.24,4.87,0.323
502083,101.720818847436,,,,
502085,104.218352531508,106.791411008402,3,3.19,0.257
502171,95.6278197775369,96.0765508436842,,,
502179,91.7101645348935,95.4860845923706,,,
502202,101.931931421489,,,,
502624,99.9318111075447,102.958098946081,5.4,4.49,0.329
506433,100.74837807139,102.069120610294,3.31,3.62,0.286
506702,131.413989902294,,,,
517008,105.280957096405,,,,
518397,93.1487291613106,96.0301839314857,,,
518489,96.6848766691521,97.5176556010773,,,
518516,98.4374664260442,,,,
518585,103.941150819009,104.704808694359,4.86,4.05,0.307
518617,107.25929156001,109.978610347884,,,
518626,96.7122693970139,,,,
518876,101.035515457073,99.57465891408,4.03,4.94,0.311
518886,103.556947168397,105.730987683994,5.33,4.31,0.309
519008,93.9567517077425,99.834467503873,3.81,3.36,0.293
519043,101.36523168443,103.309431583811,5.03,4.25,0.329
519151,96.8597312259229,97.35291387489,3.49,3.97,0.314
519242,103.498023466113,107.330274093213,2.38,2.8,0.26
519293,96.6238021205377,97.5121160982909,,,
519326,,104.145760438932,3.31,3.49,0.286
521230,98.0959217063869,,,,
523260,106.122017163882,104.220131745671,,,
527048,94.0629754141174,97.5025409633589,4.53,5.38,0.351
527054,97.4620655098409,96.3626097884173,,,
528748,,96.7818138869697,,,
541640,94.9997404791188,93.1163189972226,,,
542194,112.533357231332,,,,
542208,156.937419817707,,,,
542585,100.802045673131,100.814672798205,,,
542881,98.0747740745417,102.158255833013,3.81,4.37,0.308
542882,,98.8340913290951,,,
542888,103.385088216937,103.340563440148,4.86,5.11,0.345
542914,96.0073827101859,,,,
542947,96.2431512960578,,,,
543037,99.7873357819855,101.231533324347,3.41,3.64,0.286
543056,100.272118686278,102.704754589488,,,
543063,97.7901142459939,93.6150397927555,,,
543101,93.1160392752559,,,,
543135,97.3409492931713,100.414173986396,3.8,3.91,0.291
543238,,97.6619428502622,,,
543243,97.8897123223867,97.410786957587,3.84,3.67,0.292
543272,102.224295380362,,,,
543281,132.368891011763,,,,
543294,96.6641123947144,97.9650263055821,5.92,4.81,0.339
543305,,113.520605945638,,,
543339,96.7904199859425,96.6892108474071,3,3.8,0.274
543351,99.2502545342382,101.591422664022,,,
543391,,102.149807947512,,,
543475,95.4372223082361,97.1670064696552,,,
543507,101.767414684046,,,,
543518,101.415607305369,100.999745272326,,,
543521,96.8611654280552,,,,
543543,92.0831698801473,,,,
543548,101.052006858408,,,,
543594,95.5510309783209,,,,
543766,100.538460476369,100.64040804818,,,
543859,103.935819463617,101.38029221012,3.63,4.34,0.296
543901,95.8245923488573,,,,
544150,,96.7497310819749,3.7,4.05,0.32
544727,100.924557245256,,,,
545121,97.2637875136385,92.1771955507253,,,
547001,,96.0120416219145,,,
547179,98.226713820222,97.0116847830052,3.31,4.59,0.303
547184,103.14140452123,100.503762789519,,,
547943,97.9767390755939,,,,
547973,109.490071203106,112.243389541941,3.79,2.98,0.289
548384,106.70065256534,112.608293419432,,,
548389,94.2115329868674,94.8455518430451,6.01,4.74,0.344
552640,100.056692586713,96.5947953091988,2.8,3.97,0.289
554340,103.583856105247,104.819232039978,,,
554430,103.672494879534,104.74792685462,2.56,2.8,0.256
554431,,96.4272816924188,,,
570257,98.7751678005378,106.322214649315,,,
570632,95.9165876926427,95.0359652194121,3.8,4.43,0.314
570666,91.6410642246601,,,,
570731,111.121168999989,,,,
571466,168.445796113825,152.212693991141,,,
571479,100.3664439921,,,,
571510,101.494931539625,100.550554256541,,,
571527,,105.495162989367,,,
571539,98.4098935489547,98.9026764339049,,,
571578,90.7923413551271,90.2094561304025,5.62,5.53,0.357
571616,96.7040792586999,,,,
571656,100.419111996336,102.912369954241,3.04,4.14,0.293
571657,,137.261596451201,,,
571670,96.3587509173758,98.5896500339256,3.8,3.94,0.285
571710,99.9092764775491,,,,
571760,100.777394487192,99.23892670035,4.28,4.46,0.312
571771,,110.226813357891,,,
571863,94.6581749277342,96.2654913879779,,,
571875,115.8971132211,,,,
571882,96.5885195940725,98.8746860911248,2.6,3.7,0.282
571901,101.132859914815,,,,
571912,108.802406161061,111.778072867439,,,
571927,103.060470762901,102.237187611001,,,
571945,94.6016467422717,94.9113131028181,5.35,4.65,0.339
571946,102.850308111044,101.674886959157,4.53,3.75,0.28
571948,102.181109249612,101.995013086983,4.73,3.24,0.297
572020,98.349227434684,98.7936232827207,4.39,4.74,0.324
572143,,95.092857747701,4.95,4.46,0.328
572193,97.7068434537961,,,,
572403,101.335846772445,,,,
572888,103.433132606522,,,,
572955,97.4409413670579,102.02631414428,3.67,3.8,0.302
572971,96.7944818716533,94.6588290449801,,,
573009,96.7665983749344,95.9388663526398,3.92,3.22,0.265
573124,104.768824917327,105.268896027697,2.4,3.29,0.309
573186,95.6863372960935,94.4767910287272,4.31,4.94,0.341
573204,103.889018896469,104.532867421179,5.32,4.17,0.327
573262,,122.974714090607,,,
579328,99.1302721310799,99.8534128263949,4.05,3.7,0.297
592094,103.389003354721,102.540831000828,1.96,3.14,0.224
592155,,99.1277156081945,,,
592222,107.174588466812,,,,
592229,97.8112137695212,,,,
592254,103.402961998511,,,,
592288,,97.4206997188146,,,
592332,102.738972446573,101.325141710512,3.83,4.71,0.3
592346,98.5622621890047,,,,
592351,95.2120381930887,96.8180453702054,4.47,4.65,0.309
592390,100.759458270442,,,,
592426,99.3730743381773,99.9889795082985,5.09,4.08,0.328
592454,106.809565985385,107.675403172866,,,
592473,104.860752706765,,,,
592527,97.2247286581815,,,,
592662,,103.822467696406,,,
592741,99.3804704286607,96.4706705769628,,,
592767,98.9274289749467,106.402650301804,3.83,3.78,0.325
592773,102.691437422362,101.504754875882,4.88,3.44,0.307
592779,105.526654123859,100.82621605799,,,
592789,95.3770958902382,,,,
592791,97.4142946007679,99.5102113721569,3.27,4.05,0.289
592826,99.9057872950885,,,,
592836,94.8989754249312,95.9963257049917,7.1,7.09,0.413
592848,99.4646866085106,,,,
592866,97.980003473635,98.3655507752673,2.02,3.17,0.248
593334,99.0881551874304,97.7542651482101,,,
593423,102.20572890752,100.935310498413,4.84,4.71,0.325
593576,105.761317841885,105.59777837787,4.1,4.31,0.324
593619,102.70456463079,,,,
593643,110.753350641829,,,,
593833,102.956362811534,111.075307469219,,,
593934,,127.000553889976,,,
593958,100.777770686664,100.62822967329,5.04,5.53,0.35
593974,95.4807500853833,99.7280800166349,,,
594577,99.0004174976908,,,,
594580,105.559130516245,104.619015344861,,,
594798,99.5281106364307,103.48635730456,,,
594835,95.7776898411694,95.565367809145,,,
594902,98.8347346008932,96.5174773573438,3.81,4,0.315
594943,99.6474571472466,,,,
595014,,102.905674569396,,,
595345,104.277543850156,103.332179150556,,,
595411,102.386339740878,,,,
595881,,101.046263696436,,,
595897,105.20913549355,101.599973757131,,,
595928,96.4885411929572,104.013310641914,,,
595978,92.0893200512232,99.2413384234579,,,
596001,97.8524411380619,101.450187629466,2.69,3.8,0.259
596057,98.8726163858861,,,,
596082,104.457533442707,,,,
596112,104.831067098488,,,,
596117,,99.3017283897933,,,
596133,102.812416245841,97.9911971856178,2.89,3.31,0.256
596271,98.9293285757998,,,,
596295,93.7357654100174,92.4405151436695,4.75,5.07,0.339
598264,97.8712000441469,98.5196175897077,,,
598286,96.5132505554674,94.6869757343831,,,
600917,103.892249746335,106.992288576091,4.32,3.59,0.3
600921,98.4123712383347,,,,
600986,107.400375552148,100.482406961832,,,
601713,101.590201535839,103.836154968356,4.14,3.51,0.306
605121,,101.048950902274,4.39,4.91,0.314
605130,104.821382987364,102.07311802291,4.25,4.17,0.306
605135,103.175325876417,101.149756979823,4.16,4.52,0.331
605151,95.5030519859642,,,,
605154,103.434071296231,101.312040747694,5.86,4.87,0.337
605155,98.7473188575547,101.499794077768,,,
605156,,88.61300030751,,,
605177,100.274640882043,100.955740332295,3.52,3.64,0.301
605182,100.168819831441,99.5691522221165,,,
605200,97.6615130143841,,,,
605218,100.68445485943,93.1179806502198,,,
605242,103.064997704992,,,,
605280,100.774956726708,99.9232329370576,3.14,3.29,0.292
605288,96.1152777818045,95.8386716648243,5.84,5.24,0.35
605335,,100.793758028445,,,
605347,95.2068645738409,96.8249447324078,2.89,3.59,0.298
605397,101.301193549634,98.8102977402207,3.88,4.34,0.317
605400,99.8838316209577,100.542206908833,3.57,3.72,0.31
605441,98.4251385640561,,,,
605446,95.5535481738364,,,,
605447,97.33194210009,97.0249063703649,,,
605452,,98.4301149572179,3.77,3.91,0.299
605463,104.263255357792,101.925454394215,2.23,3.46,0.275
605483,105.607247948009,104.54804558885,3.12,2.55,0.241
605488,105.292410049527,99.0642607756764,,,
605498,99.4210844512288,,,,
605513,99.5745772582605,100.496017219649,2.65,4.05,0.272
605540,105.742610202164,,,,
605612,94.3668340847793,,,,
606149,96.8134657319711,99.8402285956701,,,
606160,101.384316441514,99.2423154864837,,,
606303,102.027007296853,100.921210953434,3.05,4.11,0.254
606625,98.689849688359,,,,
606930,97.5640463536372,95.7304498841549,4.36,4.91,0.323
606965,100.248350142359,101.01216569627,,,
607054,66.3620504906623,,,,
607067,98.1501410204786,97.7229754566935,4.29,4.91,0.327
607074,100.167156726896,99.1071001011404,3.96,4.14,0.32
607179,99.4882480450802,99.7989028747095,,,
607188,100.94952398347,,,,
607192,103.167930716375,102.229482359904,3.49,2.65,0.258
607200,,100.178343242937,3.3,3.91,0.293
607216,100.091755086058,,,,
607237,103.75301675203,106.254013519035,,,
607259,99.6752577093115,103.191748088479,3.1,3.19,0.279
607359,95.36345897368,,,,
607455,104.208647278101,98.2590055082819,3.08,3.26,0.281
607457,93.9975389453198,,,,
607461,96.6083912232517,,,,
607481,103.256539441034,104.532755082513,3.58,2.8,0.305
607536,92.3716575506021,87.8663847281056,5.24,5.11,0.357
607625,98.0218271344435,97.6385748457,3,3.75,0.278
607644,99.2204910784926,93.3064084999518,,,
607732,94.1958892082195,,,,
607755,102.448365827902,,,,
607968,94.547430781882,,,,
608032,102.707679245434,103.482040733425,2.46,3.19,0.235
608328,98.4301185575806,,,,
608331,100.060387426642,100.089662968717,3.25,3.72,0.273
608334,101.368342382182,98.4296606634625,4.15,4.74,0.326
608337,102.250934075088,,,,
608344,97.0718193548505,96.994525809755,5.11,5.78,0.357
608348,111.179092756809,,,,
608371,107.495030589519,104.126670116787,4.38,4.34,0.331
608379,104.414700406959,101.347538678238,3.35,4.05,0.3
608566,96.5621546185415,88.7748475636984,,,
608638,98.3457410790302,99.684238219159,,,
608648,96.0917831791447,103.204685003172,,,
608665,101.569091677071,,,,
608678,96.9117891560943,96.4780878394026,,,
608717,100.33928938984,99.4723308257752,5.55,4.97,0.326
608718,97.9287678719093,103.633543521285,3.15,4.2,0.305
608723,101.423448631712,101.524258759826,3.69,3.14,0.281
611093,102.902193448758,,,,
612434,102.853923219092,104.428708641114,,,
613534,108.051145805625,105.981385701842,,,
613564,144.561459093327,,,,
614179,96.497210337099,99.268150174873,3.71,4.14,0.32
615698,96.8868172115875,96.63912713613,4.97,5.31,0.358
620443,,181.170244373812,,,
620454,89.8743058588546,,,,
620982,,98.7106591300808,,,
621016,101.210002110862,101.573653776975,,,
621051,107.275811130922,104.990621810721,,,
621053,,105.80462063681,3.68,3.67,0.262
621057,99.6083961831533,,,,
621074,96.9842434712186,,,,
621076,101.954329675373,,,,
621097,,101.028355101241,,,
621107,100.621703148559,99.300872626478,3.59,3.67,0.297
621111,,97.8872633995212,5.38,4.78,0.37
621112,98.596003872638,99.6660785345907,4.66,4.59,0.329
621114,,100.505981078856,,,
621139,96.7757538302075,,,,
621199,97.1220888668074,98.7700936345573,,,
621219,99.1379454207255,,,,
621237,105.280327592089,101.824128113323,4.09,3.97,0.288
621242,,107.139325970683,3.52,2.49,0.269
621244,98.1972216168143,98.0084619192935,3.6,4.74,0.308
621249,95.1748435395289,,,,
621294,100.770622622825,95.6846593863652,,,
621295,98.9661909841817,,,,
621345,104.657873718441,105.279236724093,,,
621363,100.172109021046,100.969250739268,,,
621366,100.646172849439,96.4506160744268,,,
621368,99.7847263562896,,,,
621381,105.3277914958,105.46306375708,1.87,2.43,0.221
621383,102.688385811062,99.6430922547403,3.98,3.41,0.293
621389,91.464457969786,93.4880952969331,6.94,7.32,0.413
621399,,98.8482615041269,,,
621433,71.1555912944908,,,,
621550,,128.969548628526,,,
622065,97.7639395233836,98.8792465770469,,,
622072,98.9740838430939,98.7159723465444,,,
622075,102.470553827843,101.762585161534,,,
622088,102.953246549975,94.67695590786,,,
622098,103.274413738432,108.218829742937,,,
622103,101.40388010824,101.964991551771,,,
622110,99.5338576713591,,,,
622250,97.7457472262127,102.28710761445,,,
622251,102.308682336644,102.12100539423,,,
622253,,99.8828723766954,,,
622259,96.8798110784421,100.40666109617,,,
622268,,73.8156737692839,,,
622491,100.123750228877,101.605831333709,3.64,3.91,0.305
622503,99.144845128004,101.734488253559,,,
622554,103.641827587981,104.856599220552,4.45,3.64,0.312
622569,104.044580145881,94.4827366262196,,,
622608,96.6274020305813,97.055321250574,,,
622663,101.669409075719,98.5910790389759,3.91,3.88,0.308
622694,,98.2165591966331,,,
622766,101.507196795366,104.94369714403,,,
622772,100.130828890889,,,,
622780,107.641604547557,,,,
622786,,103.877365415126,,,
623149,104.569614665087,108.510966422419,,,
623167,96.5010632775124,94.9308222970595,4.95,4.71,0.355
623168,,142.6495209519,,,
623211,108.110895028406,107.536381337338,3.83,3.64,0.269
623352,109.339490580981,107.821979709038,3.8,2.72,0.261
623381,99.7418232116638,,,,
623433,102.154791914388,99.5754412492842,,,
623437,102.292924282176,98.769153470296,,,
623451,100.185940947144,97.3291119000281,,,
623465,102.962192728985,102.3886190656,3.62,3.29,0.288
623474,104.76651286361,102.093145414558,,,
623507,154.826136382176,,,,
623520,,104.854634767133,,,
624133,99.6091341963035,100.177034102603,3.46,3.67,0.297
624431,,122.327814289318,,,
624522,100.076451850258,101.182816540461,,,
624647,98.1372447778039,99.8632385856121,,,
625643,101.329054322904,103.526235677484,1.99,3.94,0.271
628317,100.304794728329,99.5461276347153,6.09,4.43,0.351
628452,101.564681713893,103.505308639809,1.95,2.24,0.2
628708,98.2426188005165,99.0617515141664,,,
628711,100.317289196654,,,,
629498,93.2533834037933,,,,
630023,95.4804820886489,92.8051464906803,,,
640444,97.7057638850277,,,,
640448,100.161980799148,100.552740186898,3.67,4.34,0.309
640451,101.750799380673,102.71923384097,4.44,5.18,0.333
640454,99.0293070518959,99.29704759184,,,
640455,101.932738737979,102.653513153776,3.47,3.75,0.275
640462,107.48615459192,105.65578144614,3.15,2.72,0.265
640470,101.525864754226,101.433373574886,,,
641149,92.1673585882245,97.8527349740322,,,
641154,102.516697889612,102.380948370868,4.08,3.67,0.306
641302,100.864607567749,98.908927154826,5.1,4.68,0.335
641312,,92.5790653741664,,,
641329,104.153963924405,104.887790094056,,,
641343,,121.641852937074,,,
641360,101.027080364953,96.8496009917251,,,
641401,106.216873449718,101.534158622682,,,
641420,98.3684691568774,,,,
641427,97.7615467487783,94.1103135370095,,,
641447,98.9675445175564,,,,
641482,99.7841969755168,99.5993594382896,3.77,3.62,0.307
641525,113.171433506999,,,,
641540,96.9132220885977,97.172559700746,5.3,5.28,0.347
641582,,97.2668615990447,,,
641585,97.0343055801229,95.2630129199634,,,
641627,100.178452432567,,,,
641645,103.546260933679,117.479141441291,,,
641656,100.92957217025,100.190815806199,,,
641658,,93.1469719117887,,,
641672,96.4000509384888,,,,
641703,95.3765676925773,98.0724322029586,,,
641712,91.7144092205261,91.38281572394,6.17,6.01,0.36
641726,,99.7176591718726,,,
641729,104.184241525528,103.883486785854,2.62,2.51,0.23
641743,97.3800854563663,,,,
641745,97.4479575261339,99.2488445730772,,,
641755,100.999594124361,104.224986685026,6.19,4.46,0.341
641771,98.3788633784294,97.6741413141401,5.06,4.22,0.343
641778,96.368880765768,,,,
641793,95.4636587439928,97.0654323398818,3.63,4.34,0.317
641816,100.053541597403,99.8208713458817,,,
641835,95.5468319910249,96.4177143701446,,,
641871,104.469505641408,,,,
641927,102.970152614113,102.235138323309,3.98,3.22,0.282
641941,101.120044230934,100.941649663381,,,
642016,,101.764688850451,,,
642028,,95.9880000820949,,,
642048,102.562309033596,101.292991854267,,,
642086,,90.3840052968609,,,
642100,101.057231990147,100.740483878171,,,
642121,101.236291805946,102.191289406301,,,
642133,101.785562594818,96.0834021981151,,,
642207,110.313118458807,108.15014156074,,,
642215,,156.368290914125,,,
642216,100.165225213832,96.7582191269,,,
642231,98.8326789469171,,,,
642232,102.025801727921,103.988414983359,3.19,4.2,0.273
642239,101.986590396214,102.42534237826,,,
642397,101.909420924879,101.756666383162,4.42,4.37,0.34
642520,,101.790889329978,,,
642528,96.4201560926324,97.0298542853463,,,
642545,97.4309823396696,,,,
642546,98.8056831599893,99.3070808177477,,,
642547,105.844029770961,103.931102924453,3.68,3.88,0.305
642578,100.905617473329,,,,
642585,110.200057131302,,,,
642629,,99.8580655656091,,,
642701,102.212113459438,103.254054357396,3.89,3.17,0.281
642758,96.4968697875586,,,,
642770,99.056509200807,,,,
642834,,97.2186096876125,,,
643256,118.100608320983,86.0465689287434,,,
643338,98.1819292060324,96.7438243457224,3.21,3.8,0.276
643361,96.2956102827309,97.2376574277752,,,
643377,103.133521165604,102.483238379815,2.03,2.37,0.227
643396,122.137228809134,101.376207031936,,,
643410,101.829260522594,102.280666989153,4.5,3.44,0.308
643493,96.8485252617027,94.2193814647575,,,
643511,101.993475724405,99.1486439238823,2.81,3.01,0.281
645261,96.7437376601624,,,,
645444,128.998865803427,,,,
645801,99.4131805781018,,,,
646241,99.3876324795464,,,,
646242,97.1030657007341,99.432090563884,,,
647315,94.787114741682,93.915527113124,5.59,4.52,0.315
647336,99.9292955991091,102.471206399984,4.75,4.59,0.324
650489,155.128699489037,163.198772891233,,,
650496,98.7964345290685,,,,
650556,103.73863088512,105.411819664426,3.1,3.29,0.288
650633,105.198309755304,105.039303792241,2.95,3.56,0.284
650644,100.13497202287,98.1473647001351,4.36,4,0.327
650671,103.880531278002,100.662115004541,,,
650893,97.6737553053284,97.2447720834744,3.59,4.4,0.338
650895,102.395729220445,102.980505484462,,,
650907,129.084592137624,,,,
650911,100.247339800815,98.3453765683019,3.32,3.56,0.29
650960,105.939495544497,98.0953412101503,,,
655889,,99.4219266034479,,,
656061,100.993993953267,,,,
656186,,99.3773015354257,,,
656222,101.642726387377,98.4128024591475,4.5,3.78,0.322
656232,94.5072858893595,91.6002243185188,,,
656234,99.2071931755927,95.794158988429,,,
656240,,97.2609166704131,,,
656257,102.960606143675,,,,
656266,99.4793238684445,96.3511385063939,,,
656271,99.6268524439733,98.738691534333,,,
656288,97.7371563174831,96.9084516871368,5.19,4.74,0.341
656290,101.517444945968,,,,
656302,102.132244232682,99.6109368858112,3.47,3.31,0.266
656322,102.675724731734,,,,
656353,97.6096782855752,99.8088052961089,,,
656354,,100.335031228809,,,
656382,96.3276505208135,,,,
656412,105.102111459793,98.5067277045632,3.61,4.43,0.322
656420,,98.4013203918649,,,
656427,101.31734380203,100.127005223137,3.17,3.54,0.288
656457,97.1475248578088,95.5564291026668,,,
656458,,97.9916676139401,,,
656464,101.245068046866,99.5096190691736,3.21,3.26,0.3
656529,97.2883914781025,98.3804887799994,,,
656546,104.467576232318,103.803308428251,2.17,2.87,0.252
656550,,96.021660369999,3.56,3.46,0.287
656557,96.5455720990352,97.600117566307,3.12,4.11,0.276
656578,99.1082920638536,,,,
656605,99.7822593774853,98.41487443635,4.25,4.31,0.331
656629,102.651943512413,100.997078902142,3.46,3.49,0.277
656638,99.2977239887756,104.515504368817,,,
656641,99.3124842800904,102.093453040405,,,
656657,98.778438785411,98.0459965956565,,,
656669,134.140946112255,,,,
656671,,98.7445444202437,,,
656716,113.317332725533,98.5948825014862,,,
656730,103.5640449743,101.236356762409,,,
656731,98.5278913308969,98.9637895630271,4.04,4.2,0.304
656756,93.9494951410201,96.0685493700764,6.23,5.18,0.37
656786,97.8563624147678,98.4254490550674,,,
656793,105.041861491727,98.9714729527784,,,
656794,100.331609173076,97.658586925396,,,
656814,99.8186780411657,99.7721098901693,,,
656818,99.8534767858069,,,,
656820,94.3980302047777,,,,
656848,,101.005434308645,,,
656849,95.7796014475851,95.7056950566021,2.9,4.59,0.299
656876,107.801437310299,101.788691133723,,,
656887,105.740749720474,105.591244811087,,,
656896,,105.735163265797,,,
656924,85.8771300286391,99.3834667497981,,,
656945,109.039872821075,108.56584902921,1.75,2.96,0.241
656970,93.8725592818468,,,,
656976,,83.4550664928968,,,
656981,93.3515343524706,,,,
656986,100.745102409531,,,,
657006,101.143927074664,102.27891512794,3.07,2.74,0.271
657024,99.5742646507312,98.6892949112393,,,
657031,100.396550718009,,,,
657041,112.220382561658,,,,
657044,101.849494005402,97.1946426961919,3.26,4,0.29
657053,101.579081259942,100.334900906221,,,
657061,,122.263838859424,,,
657093,98.4445691980327,,,,
657097,104.295084276582,103.91247479859,3.02,3.51,0.266
657140,96.8668820198117,,,,
657193,,107.801100076043,,,
657240,102.707930558034,103.650728025292,,,
657248,96.313668361355,,,,
657265,100.868060728256,101.53174121582,,,
657272,98.5424135584442,,,,
657277,94.8683739261524,93.5924055164871,3.47,4.31,0.288
657376,101.503249503593,98.2165577315057,2.85,3.78,0.296
657424,103.273415645004,,,,
657508,98.3525147801582,98.9844580434006,5.55,4.59,0.344
657514,103.794332285145,105.73517759064,4.06,3.88,0.322
657571,103.126525681128,101.444340889153,4.64,4.11,0.322
657585,105.019721042037,103.156238966604,3.77,3.19,0.31
657612,93.9746489736529,93.6732648751656,3.36,3.56,0.3
657649,,104.299729729532,2.47,3.49,0.273
657697,94.497017382801,97.2732953028674,,,
657746,105.308887114834,104.795941210304,3.6,2.87,0.282
657756,97.6851280439184,,,,
658648,98.8993940426279,99.9923045772603,3.81,4.62,0.304
659275,96.7789206955732,100.313642171148,,,
660261,100.1054860726,,,,
660271,107.057786504512,,,,
660431,92.9300127944995,,,,
660593,99.5937966451494,,,,
660600,,98.9652271156726,,,
660634,97.746826096751,,,,
660644,,95.6822427283121,,,
660730,98.305315550199,,,,
660761,98.4188327499858,98.9538369516943,6.02,4.84,0.371
660787,101.419100434439,,,,
660813,99.1736285867241,97.7822613489661,,,
660825,102.357976844845,102.998506942086,,,
660853,103.066541042288,105.207646175433,5.2,5.31,0.377
660896,103.790975776115,104.230442615172,3.24,3.12,0.273
660906,100.867554590261,,,,
661269,,103.459473518196,,,
661309,98.6290805081543,,,,
661383,101.828375766801,,,,
661395,104.928309262066,104.142217077069,3.64,2.76,0.292
661403,100.553540293084,97.9619497707733,0.6,2.47,0.175
661440,100.248449240163,,,,
661527,97.3636682232624,101.088938564771,3.59,4.08,0.323
661563,,104.993384646268,3.5,3.8,0.288
662253,105.10795856774,103.712885216354,2.12,2.94,0.233
663158,105.448578130186,100.12441183871,2.77,3.05,0.262
663321,100.803333123515,102.696216098041,,,
663362,99.9568041167804,100.352495685029,4.91,4.11,0.323
663372,101.219107703925,99.4176679237452,4.49,4.31,0.32
663385,96.7562295345824,,,,
663423,103.730338706391,100.686994105681,3.61,3.34,0.302
663432,93.8856217505178,100.571083154829,4.76,5.49,0.335
663436,,101.128152503872,4.32,4.02,0.324
663455,100.69294422881,,,,
663460,104.119275258881,100.988723231474,,,
663462,98.5350823527765,99.5847716406418,,,
663465,96.9060178495678,97.3288304635884,,,
663474,96.2262304914626,99.7277529510588,5.12,5.67,0.359
663485,100.795065007365,103.939497147369,3.28,3.24,0.259
663531,,95.8862114334487,,,
663542,100.120384646966,107.110541401466,1.73,3.01,0.218
663546,95.9915554888213,95.1087582536922,3.9,3.56,0.306
663554,,94.9344367657973,4.49,4.74,0.335
663556,100.463595625979,,,,
663558,105.304434776969,,,,
663559,96.9810293367646,94.2574141500361,4.43,4.81,0.32
663562,100.838448998318,102.073559989799,,,
663567,96.0965062464854,96.4177242541854,5.72,4.46,0.362
663568,,96.6073756143308,5.21,4.46,0.336
663574,101.080014200737,103.979450628863,,,
663623,99.8553112351002,101.732645160452,4.41,4.31,0.314
663629,102.048698248897,,,,
663658,102.359723335887,,,,
663687,100.280199906863,101.052994246457,2.86,5.04,0.32
663704,97.0661133975496,94.747516051967,4.92,4.43,0.344
663738,95.9277072970437,96.4550582956562,,,
663752,101.867282477409,,,,
663753,98.1074958411849,,,,
663765,95.6024268795072,94.0652952169047,,,
663767,,100.951111730507,,,
663773,93.4388869585317,94.3914039329046,2.18,5.07,0.259
663776,101.355264357812,100.667922043325,5.08,4.25,0.329
663804,102.215656994792,,,,
663855,96.973729275805,102.907299897561,4.1,4.91,0.336
663878,96.1462568239793,98.957686230154,4.48,4.43,0.333
663893,,95.7455843800835,,,
663897,,116.832181170243,,,
663903,93.7199879642372,93.4348645338342,3.71,4.65,0.316
663941,96.483739830515,98.0210639172235,,,
663947,103.255699588752,99.4703939115494,2.19,2.78,0.221
663969,,94.091039094793,,,
663971,92.7488781527112,,,,
663978,90.1590101759227,96.7618739128112,4.99,4.84,0.332
663986,100.666674472622,,,,
663989,94.9248531353982,95.7134456900797,,,
663992,99.7121905665174,95.3515413289062,,,
664028,98.1997891657058,,,,
664062,96.3125826734715,,,,
664076,101.676579469292,102.900348220474,3.75,4.34,0.308
664079,,98.8586538271865,,,
664123,,102.468079880902,,,
664126,104.409925178005,106.834549383088,,,
664129,92.3385825897916,100.49291292328,,,
664139,102.334946760925,108.947609393234,,,
664192,94.8119185484319,93.6335998172934,,,
664199,100.67173956073,,,,
664202,96.7050218508619,,,,
664208,103.427937317116,103.661392156159,3.66,4.31,0.29
664285,94.1693607561844,94.2190327216215,2.91,3.41,0.272
664294,104.752152993707,,,,
664299,100.521029170437,100.511226308503,,,
664350,,98.5343412275248,,,
664351,,97.4848250725407,,,
664353,100.325171013704,,,,
664744,98.5130611940866,,,,
664747,101.04924944633,106.304088423622,3.99,3.7,0.3
664776,100.114528180659,102.730872161195,,,
664849,106.763647980106,100.58246616591,,,
664854,103.009028413083,105.295112747497,2.04,2.72,0.243
664874,127.723617954106,,,,
664875,101.023320105572,100.19565143065,6.49,6.25,0.387
664901,137.07801841228,128.193290368142,,,
664942,96.6149509221976,,,,
664948,99.0222771145407,90.8257723786593,,,
665001,98.9975395820503,,,,
665019,123.080930589177,,,,
665048,96.5234259540697,,,,
665152,99.837978800657,101.166995540726,4.09,4.49,0.294
665620,99.9436607964517,97.7201503214764,,,
665622,97.5808034000128,97.3203525890916,,,
665625,94.92650913201,96.3357228698586,2.98,4.14,0.317
665665,103.176301035962,,,,
665734,104.119504106811,,,,
665795,103.247313876205,105.192544535105,4.95,4.78,0.317
665828,,81.3914587886062,,,
665871,98.366646906476,98.4965170699507,3.73,4.97,0.33
665896,97.539622403482,99.1321001734386,,,
666129,94.0342323890407,93.522026370222,,,
666142,103.551056278639,106.036729286913,3.14,3.31,0.277
666149,,127.813489027472,,,
666154,91.5725694434188,,,,
666157,102.001219502762,100.283705829512,4.76,3.72,0.309
666159,97.7260510800612,94.9515743478351,,,
666163,,105.28917298681,,,
666168,99.1797354381461,,,,
666171,,100.510255076827,,,
666197,,107.045177716426,,,
666200,98.2515807190412,102.952403148053,5,4.59,0.315
666201,100.58201030642,97.3977399835642,,,
666204,103.231789934244,103.349901527751,,,
666205,90.5676579438327,98.151309764876,,,
666207,94.77567565081,101.763923015691,,,
666208,98.7722607768713,101.619669712327,,,
666214,100.781473419327,99.6887903454626,4.68,3.7,0.317
666215,,101.046789604638,,,
666277,100.202869790416,102.764797367056,,,
666364,95.2271361700208,,,,
666374,104.87950409609,,,,
666619,98.8107027930698,97.1663628769101,,,
666720,100.195389075325,98.8758863611087,,,
666721,99.3857872241404,,,,
666745,99.9448878252346,95.4148501573136,,,
666808,104.767820117368,102.720061917971,4.88,3.44,0.327
666818,100.099396722052,97.2337846574373,,,
666974,101.779531539807,99.3536489967823,3.15,3.72,0.303
667297,,96.4077461878727,,,
667427,103.82122707128,,,,
667463,93.5783042307688,92.9512515069822,2.85,3.83,0.28
667478,,97.7812856631251,,,
667725,,95.9459456855409,,,
667755,96.2445950137285,98.0549226173733,3.42,4.14,0.287
668338,91.2857128604911,101.706375573093,2.32,3.41,0.242
668390,,96.8329638985561,,,
668470,104.399085979741,,,,
668472,,104.590656171955,,,
668665,99.5257591958991,,,,
668674,105.440766406224,105.583358036821,3.36,3.24,0.259
668676,94.2423135245025,92.3063463155167,,,
668678,98.9521246259228,96.1418641936345,3.65,3.97,0.301
668754,102.967724325572,,,,
668800,,159.915458601154,,,
668834,97.9725174257955,,,,
668868,99.2705272104864,101.499699383668,,,
668873,98.5421001559749,93.2962886711758,,,
668874,,96.3814937403642,,,
668881,106.522101355284,105.639585607427,2.75,3.03,0.265
668909,101.265865391854,99.6355113075588,4.86,4.22,0.315
668933,93.7469640414313,95.128599951447,5.24,5.18,0.342
668941,99.8149004299889,96.1755376156312,3.36,5.14,0.305
668942,106.38809167353,92.9434261567436,,,
668943,,98.9833201305499,,,
668964,,98.3492581905545,3,4.22,0.297
668968,,105.037275484905,,,
668970,102.853092777101,98.9320282461796,,,
668984,93.7638988739316,101.992446805701,,,
669022,102.300836344693,99.8638017357081,3.9,4.2,0.324
669060,95.6766956030753,97.7034762805855,4.04,5.31,0.323
669062,,105.068577430047,3.88,3.14,0.296
669084,106.132295371907,102.435097694507,,,
669093,105.588897355497,106.116035304259,2.95,2.53,0.239
669105,94.3136138216853,,,,
669111,98.1293398155093,102.467865568709,,,
669145,96.8490563796979,,,,
669160,101.381223747923,,,,
669165,102.717911196677,98.629932522425,,,
669169,95.2005523110234,95.5554046949189,,,
669194,97.5568423538732,97.1623067187314,4.24,4.17,0.322
669199,,99.6031106066103,,,
669203,101.772264360675,102.188127428292,2.92,3.34,0.273
669211,104.324444804732,103.937134901809,3.32,2.45,0.255
669212,104.608433246481,101.692562644921,,,
669270,94.3120077970249,96.007085611632,,,
669276,100.489750160286,102.408441396582,2.11,2.57,0.277
669302,99.0027024311001,98.7046496118119,3.23,3.14,0.255
669308,,104.90018456245,,,
669330,101.135257755497,100.756291662815,,,
669358,,97.6747526614713,3.06,3.62,0.266
669372,,96.273587575153,,,
669373,106.35012319732,105.667811564821,2.39,2.72,0.246
669387,102.896594052254,101.496048766594,3.38,3.34,0.272
669391,94.2411980985831,102.380444388413,,,
669395,102.636869048293,107.745841382688,,,
669422,,97.9038888364129,,,
669424,99.8415832396163,,,,
669432,97.0942075551062,97.5380804776972,4.92,5.18,0.35
669438,95.2601630458306,93.421850781204,,,
669456,91.6286801177415,91.9921969881182,,,
669459,96.7986158470829,104.197639228229,,,
669461,93.2749307483611,97.3174679650485,4.39,4.2,0.313
669467,97.9799222827723,98.0607814449639,3.78,3.46,0.293
669618,99.1953826341295,,,,
669620,,97.9832553695283,,,
669622,,103.736411088679,4.08,3.44,0.296
669674,100.507871760488,98.5164641561754,,,
669684,100.856501474521,,,,
669711,99.2043331870428,102.057745489668,3.13,3.51,0.31
669713,101.116943007785,98.5606555498924,3.86,4.17,0.293
669721,100.572423887822,100.563983070844,,,
669724,103.702411488165,97.0873991322743,,,
669796,100.639583013459,109.562919501149,,,
669854,100.783229301095,101.684878510123,2.8,4,0.276
669912,98.3755953624145,98.6473754380373,,,
669923,99.5982605693971,97.7511079978928,3.53,3.44,0.287
669947,94.5018693889618,,,,
669952,94.6367654210833,98.7771333423034,,,
670032,105.378761573586,,,,
670036,98.5682601475281,107.965561410496,,,
670042,85.7885732632034,,,,
670046,99.2935407391521,100.373252876078,,,
670059,101.890105123378,100.445146862745,3.16,4.17,0.307
670097,119.362430481627,,,,
670102,101.441859225719,101.382295882373,3.3,3.39,0.272
670103,,99.1179095097887,,,
670124,94.1143153958924,93.3154728955875,,,
670156,131.554222562693,,,,
670161,,102.307073947509,,,
670167,104.049776533789,103.79821973224,3.66,3.39,0.287
670174,97.265380384485,98.3601830485524,4.14,4.37,0.327
670183,98.6408943443369,,,,
670219,,98.0912801092847,,,
670223,,87.1058528100916,,,
670241,97.7196624294466,94.375053857258,,,
670242,,201.218446962474,,,
670280,102.984026656443,99.756846662566,5.78,4.37,0.319
670329,101.178181942293,,,,
670712,101.800256480773,,,,
670766,97.3342814872368,97.214986910895,,,
670810,91.922158390067,93.6134010830109,,,
670871,96.8417511033111,96.4631788086325,,,
670912,97.7807035720575,,,,
670950,103.721026272891,108.12194838488,4.55,3.62,0.273
670955,104.222903441817,108.808802173886,,,
670970,107.388260343477,103.055130275001,2.83,3.34,0.304
670990,102.32124331805,102.384079528852,6.2,4.56,0.351
671096,102.745696684844,101.118245206137,3.72,4.02,0.323
671106,97.8968012398007,96.7065533726027,5.73,5.9,0.39
671109,,100.314900910747,,,
671111,102.799436011917,98.5354631966649,,,
671131,97.4144231745575,97.2773946216402,,,
671212,104.436030488435,102.133811894715,6.42,4.34,0.334
671305,,104.467059765377,,,
671345,96.9080343429624,97.2094156565698,3.15,4.2,0.277
671737,102.643147771134,100.591113472227,4.11,4.17,0.308
671922,,106.030696085904,1.91,2.55,0.235
672282,100.81341844047,102.477673119311,6.7,4.14,0.37
672335,97.7500897536382,96.8461993812475,4.53,3.59,0.296
672391,98.2390600845577,103.850591985418,,,
672456,,98.538006517849,4.76,5.24,0.341
672552,,95.349546837937,,,
672578,101.782554187952,101.434155262139,,,
672582,99.2830333065588,99.290490319411,3.86,4.46,0.323
672710,93.1371177354186,95.3565016169863,4.35,4.94,0.322
672715,99.0040304810705,,,,
672730,96.4323955399036,,,,
672782,101.075417457871,98.4946740842328,,,
672841,99.8061079210872,,,,
672851,96.5283351629262,93.1810395094677,,,
672860,107.922894282279,106.504512312397,,,
673111,95.0463627738737,,,,
673380,,102.07657534793,,,
673513,,102.198434735431,3.73,2.94,0.283
673540,103.04719313401,99.6728568124725,,,
673858,99.5136717413128,,,,
673929,,100.284297372147,,,
674003,101.32557176401,101.071498552745,3.54,3.54,0.273
674072,95.852919251508,98.5207268948212,,,
674285,95.5678426785883,94.1275184469163,,,
674370,104.921616262593,104.538750572306,3.41,2.72,0.265
674444,97.3551847308808,108.503257524877,,,
674681,100.374321176755,,,,
674944,,96.4982617035457,,,
675540,93.6400666726056,93.419309065445,,,
675627,99.6802193545369,96.7953894746578,5.12,3.64,0.308
675650,,97.6397221859805,,,
675911,106.971937232639,110.615151704487,,,
675916,103.366826069743,,,,
675921,91.22648027452,98.9448000506734,,,
675989,98.4064351920106,100.555619471718,,,
676050,96.4380176200245,,,,
676083,98.1761864697613,96.8741785529634,,,
676092,96.526578494855,103.322042781125,,,
676105,,100.126122715317,,,
676106,94.3867874482508,95.2971647951713,4.75,5.94,0.339
676130,102.740437643617,98.5188146492151,2.55,3.44,0.26
676206,101.548567655682,,,,
676254,109.221127312875,108.636528282415,1.91,2.61,0.233
676265,98.553512284633,,,,
676272,99.5618460288897,99.1716941489719,8.52,7,0.411
676282,,103.942698001792,,,
676391,121.01394713529,103.615774818208,,,
676395,108.369864446068,105.05834550875,4.22,2.53,0.27
676428,,99.444873433486,,,
676440,102.655138836544,103.136335725534,3.47,3.78,0.299
676475,91.9868630271964,,,,
676477,99.9492729512487,103.783185348904,,,
676508,,102.267047518068,,,
676534,106.365416008853,98.8070983010126,3.19,3.72,0.299
676568,,97.3596343592945,,,
676596,90.9193754855475,88.8513663741213,,,
676604,,103.155499999274,,,
676614,,99.6577847238537,,,
676617,,99.3542083997023,,,
676632,111.336068427184,,,,
676661,,97.3035225725622,,,
676664,99.4202213500372,102.119930235102,4.38,4.43,0.324
676680,108.296801848094,108.470797927277,,,
676684,101.038202915863,100.259479529137,2.81,3.83,0.261
676689,93.8068818086184,,,,
676701,98.7470866101061,,,,
676702,104.26095437293,100.30989676641,,,
676710,101.255115300506,102.550040872688,4.36,3.86,0.304
676714,96.1362579775979,100.459785078078,,,
676755,,104.377872175697,,,
676760,103.59657335667,103.320635120878,,,
676775,91.8876208669645,95.7628242039151,7.16,5.56,0.354
676879,,102.440837664742,,,
676961,98.6814138399781,98.373923529701,,,
676962,,98.2740535264518,3.58,4.17,0.268
676969,,99.2257472364973,,,
676974,,95.7088500933887,5.68,4.74,0.381
676979,109.491227106091,105.938488146212,3.58,2.85,0.28
677020,98.2910392568363,98.2682418889961,,,
677053,107.19322442007,106.025328162933,5.07,2.76,0.312
677076,97.4458527976816,104.255581420828,,,
677161,99.9928776475836,105.135008833026,3.97,4.25,0.3
677651,101.936085300248,,,,
677865,94.6269723047902,93.7559689753912,,,
677944,97.8668855251802,98.5207216183152,6.66,4.52,0.366
677955,,98.662752823971,,,
677958,,99.0484942099057,,,
677960,102.129431655154,98.5884697367077,3.63,4.2,0.303
677976,,101.311844687247,,,
678020,,101.355895450314,,,
678061,95.6629927810989,97.7216242144804,,,
678226,103.014275981296,103.501408049291,,,
678368,,94.4625035849469,3.67,5.14,0.338
678394,98.4502360387002,97.4956007512723,4.49,4.56,0.319
678495,,100.54729794107,4.3,3.19,0.301
678606,100.378560918564,98.1605607772369,,,
678692,,95.096669236281,,,
678821,,99.6446519241974,,,
678906,,94.7906514783777,,,
679156,,98.9925111785458,,,
679346,98.4508705210435,,,,
679358,,95.9205869244548,,,
679525,98.4532232706422,99.8277700021912,4.54,4.97,0.325
679845,,105.540975732097,,,
679885,104.814694433476,105.401450715663,2.48,3.07,0.269
680232,98.2819030517894,,,,
680570,100.08591867553,101.164992692415,3.86,3.72,0.31
680572,,105.612528641816,,,
680573,103.241630525073,102.186697619193,4.17,4.05,0.305
680686,100.356642958939,101.638380097628,,,
680689,100.690123327474,101.433476306117,,,
680694,100.024255620855,100.758257050985,,,
680704,106.282357838083,103.279257224789,3.75,4.49,0.328
680723,97.6580144200212,,,,
680730,,95.5506702964283,4.29,4.37,0.311
680732,,101.571033790931,,,
680735,99.605100502949,,,,
680736,,97.6901909653538,,,
680739,96.6745750150694,94.9034206550945,,,
680742,104.43231636935,99.8419054554411,,,
680744,,98.5924574515464,,,
680767,101.638550856282,97.710150766166,4.28,4.87,0.322
680880,,103.096558196048,,,
680885,,101.141448303755,3.35,3.44,0.286
680891,,95.6743026903557,,,
680897,,102.035111841341,,,
680911,,133.684892625198,,,
680983,101.031590470275,,,,
681035,,99.806274074397,,,
681066,,94.0540666504086,,,
681190,96.0362653014413,98.010093795795,4.87,5.94,0.36
681217,100.409480388026,98.4874977359928,,,
681293,,103.212698517627,4.53,4.05,0.332
681347,,102.758255338747,,,
681402,96.8821145001291,97.5146071329894,,,
681432,102.482763293709,104.564856005377,,,
681517,90.9397535548874,94.3265496730392,,,
681584,105.063728148529,,,,
681676,,101.393115140333,3.51,3.54,0.291
681799,,99.0320366939304,,,
681806,104.197366717616,105.196041086911,,,
681807,146.815004574914,,,,
681808,85.9533426399133,,,,
681810,99.0355061410025,103.041722114423,,,
681857,96.7186316752927,98.6438137850056,3.52,3.64,0.282
681867,100.379981134345,102.387784462481,4.08,4.31,0.327
681869,100.376558706248,100.367194635131,4.17,3.97,0.324
681870,,105.275740938358,,,
681871,,98.0969813226967,,,
681882,99.353942124691,98.1574720976937,,,
681892,100.555478822737,102.015417891565,,,
681911,103.665956454451,107.469679825773,1.76,2.78,0.246
681982,102.565819462222,103.140555879666,,,
681987,99.3575485457112,,,,
682010,98.3286548185861,,,,
682051,99.186308661411,,,,
682052,97.2676127918807,100.106975632458,,,
682073,,93.8979744432734,,,
682120,101.383068042042,102.119769939802,1.92,3.24,0.236
682171,101.616659809451,,,,
682175,96.0194440661224,99.0450040664174,,,
682227,97.9783559407155,100.138770073191,,,
682243,100.241069308664,99.0590307131238,2.94,3.72,0.26
682254,,102.26129410238,,,
682610,,95.743196632274,6.53,6.83,0.393
682842,100.427819341548,103.421389811891,,,
682847,94.3937228874244,96.3976400212779,3.32,4.31,0.287
682967,98.7309315604606,,,,
682989,98.6748157024679,95.93281295964,,,
682990,91.3785949414356,91.9509562575635,4.71,4.43,0.327
683003,,98.6883292569709,4.14,4.05,0.314
683004,,96.7170180768837,,,
683021,,108.768883775793,,,
683068,,102.671328120094,,,
683155,98.3125318445441,97.684512942281,5,4.43,0.333
683175,101.493508789744,,,,
683232,101.308794833679,105.343240736219,5.93,3.31,0.324
683409,,97.2613938556851,,,
683568,,100.010155492231,,,
683618,,98.727468106485,,,
683627,,96.0795238663796,6.79,5.97,0.349
683769,100.72615954299,100.77834885816,1.57,2.72,0.22
683822,,98.902016791016,,,
684007,,99.2279844366253,2.91,3.39,0.279
684320,,101.406842101354,4.46,4,0.312
685107,97.02835573488,99.1401825508122,,,
685116,,100.320317927976,,,
685126,,100.389255767997,,,
685299,,98.0530329890001,,,
685314,96.4933245773414,95.6380252873631,,,
685410,94.2773167353481,,,,
685801,,97.9507802300303,,,
686218,101.990542615014,,,,
686294,93.0541396275221,96.6151602613123,,,
686539,97.4949837209525,96.7092102790698,4.35,3.62,0.308
686563,,98.4431603686874,4.49,4.37,0.332
686580,,98.3459984855839,2.93,3.19,0.253
686610,99.040740052482,,,,
686613,104.116094520537,103.498451112655,3.49,3.31,0.296
686642,,100.990393334344,,,
686651,96.2375780122899,,,,
686654,93.3661956966272,94.1880402218005,,,
686730,100.814584667499,100.141475812745,5.46,4.84,0.379
686747,103.30968352358,104.269462288397,,,
686751,,97.3839886423245,,,
686752,105.204050524503,104.429397032652,3.6,3.64,0.29
686753,98.0355527545394,,,,
686790,,102.885908700173,,,
686796,,101.351179448146,,,
686799,,89.2526812867734,4,4.97,0.323
686826,95.7325375197375,97.5338379053365,3.19,5.42,0.314
686839,99.3922070268722,,,,
686842,99.8685980286002,,,,
686972,98.6655976367186,,,,
686973,98.3894238354541,97.3308210282854,7.61,5.42,0.382
686993,,96.6562955618438,,,
687014,,95.7666971712301,,,
687134,,95.9078663119443,,,
687145,99.0802114374098,87.7855194444012,,,
687330,104.865853200769,103.729179339174,2.67,3.31,0.268
687362,,100.241903874176,,,
687377,,100.581097743545,,,
687396,102.575151500911,94.4423146176099,,,
687424,,99.7091633273268,,,
687765,,94.6061601757788,4.58,4.14,0.34
687792,,103.644992236039,4.16,3.26,0.294
687798,99.2351112163359,97.9762874085037,,,
687830,103.765752382508,,,,
687847,,101.889178264045,,,
687863,,103.159150628056,,,
687888,99.945087323865,,,,
687911,,102.780404782389,,,
687922,99.2227444192764,98.4641395794788,,,
687924,,99.994548345642,,,
688107,,100.803187923914,,,
688297,,103.213460105363,,,
688427,97.2287921942272,,,,
689017,,98.0948101785348,3.65,3.94,0.304
689147,104.495742903716,105.746977022873,2.29,3.19,0.271
689167,95.6216396469225,,,,
689172,105.324565197226,,,,
689225,104.347005037507,104.783804707001,3.59,3.31,0.291
689266,93.2276678643286,91.6544971822176,,,
689672,,96.81661561717,,,
689690,106.737543291128,105.324132460355,,,
689958,,101.727498458948,,,
689981,,99.8205134270283,,,
690544,,97.1981968610373,,,
690829,96.7958980320575,105.451788341245,,,
690916,,97.9429663205523,,,
690925,,99.4268203986686,,,
690986,90.6340097664815,96.5919644889091,4.56,4.87,0.33
691094,95.9017629997001,,,,
691172,,101.342683175707,,,
691441,,98.0462391255039,,,
691587,102.851848732358,,,,
691951,,94.7508578163755,,,
692230,,97.9003022145449,,,
692285,,99.8028877405889,,,
693312,99.7780321640138,97.4904499488133,3.95,4.4,0.315
693433,100.910403619304,104.255626209156,2.89,2.72,0.249
693821,93.7569214862518,95.2112098297261,6.52,5.04,0.37
694037,99.0920655304326,101.985026091444,,,
694297,99.7280075979954,98.5753732789566,4.71,3.78,0.312
694350,,97.5528357206618,,,
694361,,98.7273769668491,,,
694363,100.363514268415,98.1107399927012,4.29,4.71,0.324
694462,,98.7465552853817,,,
694646,,96.8705845677185,,,
694738,,102.263425419087,3.58,4.05,0.294
694813,96.0954524716438,97.3330841312816,3.53,3.94,0.304
694973,,108.219484274544,1.96,2.53,0.247
695076,,98.1142423844962,,,
695243,111.045819815036,107.267551918652,2.49,1.77,0.218
695549,,100.271020427086,,,
696131,,97.8024024565683,,,
696136,96.1063370929043,98.7975305979879,5.48,5.18,0.373
696147,97.7732555246357,,,,
700187,,102.997655692064,,,
700241,,98.655555807485,,,
700249,,100.52907286331,5.2,4.11,0.339
700270,,95.5982466892719,,,
700363,100.904612613852,101.528786838595,,,
700669,,98.6592390046813,,,
701542,,98.524425010193,,,
701581,,101.240454332343,4.9,4.14,0.324
701643,101.490348777587,97.9834981228596,,,
702352,,100.615240708788,,,
702674,,97.3645636205212,,,
702795,,98.0227840826811,,,
703231,,95.6925003887017,,,
800049,,96.0739264054599,,,
805673,,99.006127014474,,,
806185,,100.476745178774,4.75,4.65,0.321
808967,,102.663901691785,3,3.44,0.278
814005,,99.2381099883556,,,
